,Li-Ion_2h,Li-Ion_4h,Li-Ion_6h,Li-Ion_8h
P_Capex,1017.962027,1607.381486,2196.800945,2786.220404
E_Capex,0,0,0,0
Eff,0.85,0.85,0.85,0.85
Min_Duration,2,4,6,8
Max_Duration,2,4,6,8
Max_P,20000,20000,20000,20000
MaxCycles,5000,5000,5000,5000
Coupled,1,1,1,1
FOM,22.05190139,36.2679213,50.48394121,64.69996112
VOM,0,0,0,0
Lifetime,16,16,16,16
CostRatio,0.5,0.5,0.5,0.5
