,Li-Ion_2h,Li-Ion_4h,Li-Ion_6h,Li-Ion_8h
P_Capex,930.4660234,1430.530431,1930.594839,2430.659246
E_Capex,0,0,0,0
Eff,0.85,0.85,0.85,0.85
Min_Duration,2,4,6,8
Max_Duration,2,4,6,8
Max_P,20000,20000,20000,20000
MaxCycles,5000,5000,5000,5000
Coupled,1,1,1,1
FOM,19.9416132,32.00250712,44.06340105,56.12429498
VOM,0,0,0,0
Lifetime,16,16,16,16
CostRatio,0.5,0.5,0.5,0.5
