,Li-Ion_2h,Li-Ion_4h,Li-Ion_6h,Li-Ion_8h
P_Capex,838.0727387,1264.274516,1690.476294,2116.678071
E_Capex,0,0,0,0
Eff,0.85,0.85,0.85,0.85
Min_Duration,2,4,6,8
Max_Duration,2,4,6,8
Max_P,20000,20000,20000,20000
MaxCycles,5000,5000,5000,5000
Coupled,1,1,1,1
FOM,17.71320904,27.99263375,38.27205846,48.55148317
VOM,0,0,0,0
Lifetime,16,16,16,16
CostRatio,0.5,0.5,0.5,0.5
