,Li-Ion_2h,Li-Ion_4h,Li-Ion_6h,Li-Ion_8h
P_Capex,941.9756032,1451.315621,1960.655639,2469.995657
E_Capex,0,0,0,0
Eff,0.85,0.85,0.85,0.85
Min_Duration,2,4,6,8
Max_Duration,2,4,6,8
Max_P,20000,20000,20000,20000
MaxCycles,5000,5000,5000,5000
Coupled,1,1,1,1
FOM,20.21920908,32.50381849,44.78842791,57.07303732
VOM,0,0,0,0
Lifetime,16,16,16,16
CostRatio,0.5,0.5,0.5,0.5
