,Li-Ion_2h,Li-Ion_4h,Li-Ion_6h,Li-Ion_8h
P_Capex,803.2545178,1201.942355,1600.630193,1999.31803
E_Capex,0,0,0,0
Eff,0.85,0.85,0.85,0.85
Min_Duration,2,4,6,8
Max_Duration,2,4,6,8
Max_P,20000,20000,20000,20000
MaxCycles,5000,5000,5000,5000
Coupled,1,1,1,1
FOM,16.87343948,26.48926424,36.10508901,45.72091378
VOM,0,0,0,0
Lifetime,16,16,16,16
CostRatio,0.5,0.5,0.5,0.5
